id,name,country,cluster,latitude,longitude,avg_cost_per_day,rating,tags
1,Oslo,Norvegia,Nord,59.9139,10.7522,140,4.5,"city-break,culture,museums,architecture,art,gastronomy,shopping,family-friendly,cold,year-round,luxury,history"
2,Bergen,Norvegia,Nord,60.3913,5.3221,130,4.7,"city-break,fjords,mountain,unesco,hiking,photography,gastronomy,romantic,cold,summer,mid-range,local-culture"
3,Tromsø,Norvegia,Nord,69.6492,18.9553,150,4.6,"adventure,photography,northern-lights,winter,cold,hiking,offbeat,nature,mountain,wellness/spa,luxury"
4,Stavanger,Norvegia,Nord,58.97,5.7331,130,4.4,"city-break,fjords,hiking,adventure,mountain,photography,offbeat,cold,summer,mid-range,local-culture,nature"
5,Lofoten Islands,Norvegia,Nord,68.21,14.656,135,4.9,"island,fjords,hiking,photography,offbeat,adventure,nature,fishing-villages,summer,cold,mid-range,romantic"
6,Trondheim,Norvegia,Nord,63.4305,10.3951,120,4.3,"city-break,history,religious,architecture,museums,cycling,gastronomy,temperate,summer,mid-range,local-culture"
7,Ålesund,Norvegia,Nord,62.4722,6.1549,125,4.5,"city-break,fjords,architecture,photography,hiking,romantic,gastronomy,summer,cold,mid-range,offbeat,nature"
8,Geiranger,Norvegia,Nord,62.1011,7.2056,140,4.8,"fjords,unesco,hiking,photography,waterfalls,nature,adventure,offbeat,summer,cold,luxury,romantic"
9,Bodø,Norvegia,Nord,67.2804,14.4049,120,4.2,"adventure,photography,northern-lights,winter,hiking,offbeat,nature,mountain,cold,year-round,mid-range,fishing-villages"
10,Kristiansand,Norvegia,Nord,58.1467,7.9956,115,4.1,"beach,family-friendly,city-break,summer,cycling,gastronomy,cold,mid-range,local-culture,nature,shopping"
11,Flåm,Norvegia,Nord,60.8628,7.1131,130,4.7,"fjords,unesco,hiking,photography,waterfalls,adventure,offbeat,nature,summer,cold,mid-range,romantic"
12,Narvik,Norvegia,Nord,68.4385,17.4272,115,4.2,"adventure,skiing,mountain,hiking,offbeat,photography,winter,cold,year-round,mid-range,nature,history"
13,Stockholm,Suedia,Nord,59.3293,18.0686,120,4.6,"city-break,culture,museums,architecture,history,gastronomy,shopping,nightlife,temperate,year-round,mid-range,family-friendly"
14,Gothenburg,Suedia,Nord,57.7089,11.9746,105,4.4,"city-break,gastronomy,museums,shopping,cycling,family-friendly,temperate,year-round,mid-range,architecture,local-culture,nightlife"
15,Malmö,Suedia,Nord,55.605,13.0038,95,4.3,"city-break,cycling,street-food,architecture,multicultural,shopping,temperate,year-round,budget,local-culture,museums,family-friendly"
16,Uppsala,Suedia,Nord,59.8586,17.6389,85,4.2,"city-break,history,religious,architecture,university-town,museums,temperate,year-round,budget,local-culture,cycling,gastronomy"
17,Kiruna,Suedia,Nord,67.8558,20.2253,130,4.5,"adventure,northern-lights,winter,cold,photography,offbeat,nature,hiking,year-round,mid-range,unique-stays,wellness/spa"
18,Visby,Suedia,Nord,57.6348,18.2948,110,4.6,"unesco,history,architecture,medieval,island,beach,summer,offbeat,mid-range,romantic,photography,temperate"
19,Lund,Suedia,Nord,55.7047,13.191,85,4.3,"city-break,history,university-town,architecture,religious,museums,temperate,year-round,budget,local-culture,cycling,gastronomy"
20,Åre,Suedia,Nord,63.399,13.081,140,4.5,"skiing,mountain,winter,hiking,adventure,wellness/spa,cold,year-round,luxury,nature,offbeat,romantic"
21,Gotland,Suedia,Nord,57.4684,18.4867,100,4.5,"island,beach,cycling,history,unesco,summer,offbeat,nature,temperate,mid-range,local-culture,photography"
22,Helsingborg,Suedia,Nord,56.0465,12.6945,95,4.2,"city-break,history,architecture,cycling,family-friendly,temperate,year-round,mid-range,local-culture,gastronomy,shopping,museums"
23,Umeå,Suedia,Nord,63.8258,20.263,95,4.1,"city-break,university-town,winter,culture,museums,temperate,year-round,budget,local-culture,cycling,nature,offbeat"
24,Jokkmokk,Suedia,Nord,66.6069,19.8272,105,4.3,"offbeat,northern-lights,winter,cold,sami-culture,hiking,nature,photography,year-round,mid-range,local-culture,adventure"
25,Helsinki,Finlanda,Nord,60.1699,24.9384,115,4.4,"city-break,architecture,design,museums,gastronomy,wellness/spa,temperate,year-round,mid-range,shopping,family-friendly,culture"
26,Rovaniemi,Finlanda,Nord,66.5039,25.7294,130,4.6,"winter,northern-lights,adventure,family-friendly,photography,offbeat,cold,year-round,mid-range,unique-stays,wellness/spa,nature"
27,Turku,Finlanda,Nord,60.4518,22.2666,95,4.2,"city-break,history,architecture,religious,museums,cycling,temperate,year-round,budget,local-culture,gastronomy,family-friendly"
28,Tampere,Finlanda,Nord,61.4978,23.761,100,4.3,"city-break,lake,wellness/spa,museums,gastronomy,family-friendly,temperate,year-round,mid-range,local-culture,architecture,industrial-heritage"
29,Savonlinna,Finlanda,Nord,61.8686,28.8781,105,4.4,"lake,castles,festivals,offbeat,summer,romantic,nature,history,temperate,mid-range,local-culture,photography"
30,Levi,Finlanda,Nord,67.8043,24.8082,135,4.5,"skiing,winter,northern-lights,adventure,mountain,wellness/spa,cold,year-round,luxury,unique-stays,family-friendly,nature"
31,Oulu,Finlanda,Nord,65.0121,25.4651,95,4.1,"city-break,cycling,winter,family-friendly,museums,temperate,year-round,budget,local-culture,gastronomy,offbeat,university-town"
32,Inari,Finlanda,Nord,68.9057,27.0275,115,4.5,"offbeat,northern-lights,sami-culture,winter,nature,hiking,photography,cold,year-round,mid-range,local-culture,adventure"
33,Kuopio,Finlanda,Nord,62.8924,27.677,95,4.2,"lake,wellness/spa,cycling,hiking,nature,offbeat,temperate,summer,budget,local-culture,family-friendly,photography"
34,Porvoo,Finlanda,Nord,60.3923,25.6651,100,4.6,"city-break,history,architecture,medieval,romantic,photography,temperate,summer,mid-range,local-culture,gastronomy,offbeat"
35,Kemi,Finlanda,Nord,65.7362,24.5639,120,4.3,"winter,offbeat,unique-stays,adventure,cold,photography,nature,year-round,mid-range,local-culture,family-friendly,wellness/spa"
36,Saariselkä,Finlanda,Nord,68.4167,27.4167,125,4.4,"winter,northern-lights,skiing,adventure,cold,wellness/spa,nature,hiking,year-round,luxury,unique-stays,family-friendly"
37,Copenhagen,Danemarca,Nord,55.6761,12.5683,135,4.7,"city-break,architecture,design,cycling,gastronomy,museums,nightlife,family-friendly,temperate,year-round,luxury,culture"
38,Aarhus,Danemarca,Nord,56.1629,10.2039,105,4.4,"city-break,museums,art,architecture,cycling,gastronomy,university-town,temperate,year-round,mid-range,local-culture,family-friendly"
39,Odense,Danemarca,Nord,55.4038,10.4024,95,4.2,"city-break,history,museums,family-friendly,cycling,architecture,temperate,year-round,budget,local-culture,gastronomy,culture"
40,Aalborg,Danemarca,Nord,57.0488,9.9217,95,4.1,"city-break,history,museums,nightlife,cycling,gastronomy,temperate,year-round,budget,local-culture,family-friendly,architecture"
41,Skagen,Danemarca,Nord,57.7208,10.5833,110,4.5,"beach,art,photography,offbeat,summer,romantic,nature,gastronomy,temperate,mid-range,local-culture,cycling"
42,Ribe,Danemarca,Nord,55.3283,8.7664,100,4.4,"history,medieval,architecture,religious,unesco,offbeat,temperate,year-round,mid-range,local-culture,photography,family-friendly"
43,Helsingør,Danemarca,Nord,56.0361,12.6136,105,4.3,"castles,history,museums,romantic,temperate,year-round,mid-range,local-culture,architecture,photography,family-friendly,city-break"
44,Bornholm,Danemarca,Nord,55.1667,14.9167,110,4.6,"island,beach,cycling,gastronomy,offbeat,summer,nature,photography,temperate,mid-range,local-culture,romantic"
45,Roskilde,Danemarca,Nord,55.6415,12.0803,100,4.4,"history,religious,unesco,festivals,museums,temperate,year-round,mid-range,local-culture,culture,family-friendly,architecture"
46,Esbjerg,Danemarca,Nord,55.4667,8.45,95,4.0,"city-break,beach,family-friendly,cycling,temperate,summer,budget,local-culture,gastronomy,museums,offbeat,nature"
47,Møn,Danemarca,Nord,54.9833,12.4833,100,4.5,"offbeat,nature,photography,hiking,cycling,beach,summer,temperate,mid-range,local-culture,romantic,family-friendly"
48,Funen,Danemarca,Nord,55.3,10.3833,95,4.3,"countryside,cycling,castles,nature,offbeat,temperate,summer,mid-range,local-culture,photography,family-friendly,gastronomy"
49,Reykjavik,Islanda,Nord,64.1466,-21.9426,160,4.6,"city-break,adventure,nature,wellness/spa,gastronomy,nightlife,culture,cold,year-round,luxury,photography,offbeat"
50,Akureyri,Islanda,Nord,65.6835,-18.1262,140,4.4,"adventure,nature,hiking,whale-watching,offbeat,photography,cold,year-round,mid-range,local-culture,northern-lights,fjords"
51,Vík,Islanda,Nord,63.4189,-19.0055,150,4.7,"offbeat,nature,beach,photography,adventure,hiking,cold,year-round,mid-range,volcanic,romantic,unique-stays"
52,Húsavík,Islanda,Nord,66.0449,-17.3391,145,4.5,"whale-watching,offbeat,adventure,nature,photography,cold,summer,mid-range,local-culture,fjords,wellness/spa,northern-lights"
53,Blue Lagoon Area,Islanda,Nord,63.8804,-22.4495,180,4.6,"wellness/spa,luxury,romantic,volcanic,unique-stays,photography,cold,year-round,family-friendly,offbeat,nature,adventure"
54,Golden Circle,Islanda,Nord,64.3253,-20.1199,150,4.8,"nature,waterfalls,volcanic,adventure,photography,unesco,hiking,cold,year-round,mid-range,family-friendly,offbeat"
55,Jökulsárlón,Islanda,Nord,64.0784,-16.2306,160,4.9,"offbeat,nature,photography,adventure,glaciers,unique-stays,cold,year-round,luxury,romantic,hiking,volcanic"
56,Westfjords,Islanda,Nord,65.95,-23.5,150,4.6,"offbeat,fjords,nature,hiking,photography,adventure,cold,summer,mid-range,nature,local-culture,whale-watching"
57,Snæfellsnes,Islanda,Nord,64.8,-23.7833,150,4.7,"nature,hiking,photography,offbeat,adventure,volcanic,cold,year-round,mid-range,beach,national-park,unique-stays"
58,Landmannalaugar,Islanda,Nord,63.983,-19.058,145,4.8,"hiking,nature,photography,adventure,offbeat,volcanic,thermal-springs,summer,cold,mid-range,unique-stays,national-park"
59,Seyðisfjörður,Islanda,Nord,65.2628,-14.013,140,4.5,"offbeat,fjords,art,photography,hiking,nature,cold,summer,mid-range,local-culture,romantic,unique-stays"
60,Westman Islands,Islanda,Nord,63.4427,-20.2734,145,4.5,"island,volcanic,nature,photography,offbeat,hiking,cold,summer,mid-range,local-culture,adventure,fishing-villages"
61,Tallinn,Estonia,Nord,59.437,24.7536,70,4.6,"city-break,history,medieval,unesco,architecture,gastronomy,nightlife,temperate,year-round,budget,culture,photography"
62,Tartu,Estonia,Nord,58.378,26.729,60,4.3,"city-break,university-town,museums,history,architecture,cycling,temperate,year-round,budget,local-culture,gastronomy,family-friendly"
63,Pärnu,Estonia,Nord,58.3859,24.4971,65,4.3,"beach,wellness/spa,summer,family-friendly,cycling,temperate,budget,local-culture,gastronomy,nightlife,offbeat,romantic"
64,Saaremaa,Estonia,Nord,58.2528,22.503,60,4.4,"island,offbeat,nature,cycling,history,castles,summer,temperate,budget,local-culture,wellness/spa,countryside"
65,Narva,Estonia,Nord,59.3772,28.1903,50,4.0,"history,castles,offbeat,architecture,temperate,year-round,budget,local-culture,museums,photography,multicultural,city-break"
66,Haapsalu,Estonia,Nord,58.9431,23.5413,55,4.2,"beach,wellness/spa,history,offbeat,romantic,summer,temperate,budget,local-culture,architecture,family-friendly,photography"
67,Lahemaa National Park,Estonia,Nord,59.5667,25.8,55,4.5,"national-park,nature,hiking,offbeat,forests,photography,summer,temperate,budget,family-friendly,countryside,local-culture"
68,Viljandi,Estonia,Nord,58.3639,25.59,50,4.2,"offbeat,history,festivals,lake,castles,temperate,summer,budget,local-culture,countryside,photography,family-friendly"
69,Hiiumaa,Estonia,Nord,58.95,22.6,60,4.3,"island,offbeat,nature,cycling,beach,summer,temperate,budget,local-culture,photography,countryside,family-friendly"
70,Rakvere,Estonia,Nord,59.3464,26.3556,50,4.0,"castles,history,offbeat,family-friendly,temperate,year-round,budget,local-culture,museums,city-break,architecture,festivals"
71,Otepää,Estonia,Nord,58.0586,26.5044,55,4.1,"skiing,winter,lake,nature,offbeat,cycling,temperate,year-round,budget,local-culture,family-friendly,wellness/spa"
72,Kuressaare,Estonia,Nord,58.2528,22.4853,60,4.3,"castles,beach,wellness/spa,history,romantic,summer,temperate,budget,local-culture,offbeat,family-friendly,architecture"
73,Riga,Letonia,Nord,56.9496,24.1052,70,4.5,"city-break,architecture,art-nouveau,unesco,museums,nightlife,gastronomy,temperate,year-round,budget,culture,family-friendly"
74,Jurmala,Letonia,Nord,56.968,23.7703,65,4.3,"beach,wellness/spa,summer,family-friendly,architecture,romantic,temperate,budget,local-culture,offbeat,cycling,nature"
75,Sigulda,Letonia,Nord,57.153,24.8594,55,4.4,"castles,nature,hiking,adventure,cycling,national-park,temperate,year-round,budget,family-friendly,photography,offbeat"
76,Liepaja,Letonia,Nord,56.5047,21.0108,55,4.1,"beach,city-break,music,offbeat,history,summer,temperate,budget,local-culture,architecture,museums,family-friendly"
77,Cesis,Letonia,Nord,57.3131,25.2711,50,4.3,"castles,medieval,history,offbeat,nature,temperate,year-round,budget,local-culture,architecture,photography,family-friendly"
78,Kuldiga,Letonia,Nord,56.9736,21.961,45,4.5,"offbeat,waterfalls,history,architecture,countryside,temperate,summer,budget,local-culture,photography,romantic,family-friendly"
79,Daugavpils,Letonia,Nord,55.875,26.5358,45,4.0,"city-break,multicultural,history,offbeat,art,architecture,temperate,year-round,budget,local-culture,museums,family-friendly"
80,Gauja National Park,Letonia,Nord,57.2,25.0,50,4.5,"national-park,nature,hiking,forests,adventure,cycling,temperate,year-round,budget,family-friendly,offbeat,photography"
81,Ventspils,Letonia,Nord,57.3894,21.5606,55,4.2,"beach,family-friendly,city-break,summer,cycling,temperate,budget,local-culture,architecture,museums,offbeat,nature"
82,Rundale Palace,Letonia,Nord,56.4125,24.0264,45,4.6,"castles,architecture,history,romantic,photography,temperate,summer,budget,local-culture,offbeat,art,family-friendly"
83,Aluksne,Letonia,Nord,57.4247,27.0425,40,4.1,"lake,nature,offbeat,countryside,hiking,temperate,summer,budget,local-culture,photography,family-friendly,history"
84,Ogre,Letonia,Nord,56.8167,24.6,40,4.0,"offbeat,nature,cycling,forests,countryside,temperate,year-round,budget,local-culture,family-friendly,hiking,photography"
85,Vilnius,Lituania,Nord,54.6872,25.2797,65,4.5,"city-break,unesco,history,architecture,religious,gastronomy,nightlife,temperate,year-round,budget,culture,art"
86,Kaunas,Lituania,Nord,54.8985,23.9036,55,4.3,"city-break,unesco,architecture,modernist,museums,cycling,temperate,year-round,budget,local-culture,gastronomy,history"
87,Klaipeda,Lituania,Nord,55.7033,21.1443,60,4.2,"beach,city-break,history,architecture,summer,temperate,budget,local-culture,family-friendly,cycling,gastronomy,nightlife"
88,Trakai,Lituania,Nord,54.6333,24.9333,55,4.6,"castles,lake,history,romantic,photography,offbeat,temperate,year-round,budget,local-culture,family-friendly,nature"
89,Curonian Spit,Lituania,Nord,55.2981,20.9833,60,4.7,"beach,unesco,nature,offbeat,cycling,nationalpark,summer,temperate,budget,local-culture,photography,romantic"
90,Nida,Lituania,Nord,55.3056,20.9975,65,4.6,"beach,offbeat,art,romantic,summer,cycling,temperate,budget,local-culture,photography,family-friendly,nature"
91,Šiauliai,Lituania,Nord,55.9333,23.3167,50,4.1,"city-break,offbeat,religious,history,museums,temperate,year-round,budget,local-culture,family-friendly,architecture,photography"
92,Druskininkai,Lituania,Nord,54.0167,23.9833,60,4.3,"wellness/spa,forests,family-friendly,lake,adventure,temperate,year-round,budget,local-culture,offbeat,nature,cycling"
93,Palanga,Lituania,Nord,55.9206,21.0686,65,4.2,"beach,nightlife,summer,family-friendly,wellness/spa,temperate,budget,local-culture,gastronomy,shopping,offbeat,romantic"
94,Kernave,Lituania,Nord,54.8872,24.8519,45,4.4,"unesco,history,archaeology,offbeat,nature,temperate,summer,budget,local-culture,photography,family-friendly,countryside"
95,Panevezys,Lituania,Nord,55.7333,24.35,50,4.0,"city-break,offbeat,museums,architecture,temperate,year-round,budget,local-culture,family-friendly,art,gastronomy,history"
96,Zemaitija National Park,Lituania,Nord,56.0,22.0,50,4.4,"national-park,nature,hiking,lake,forests,offbeat,temperate,summer,budget,family-friendly,cycling,photography"
97,Paris,Franța,Vest,48.8566,2.3522,160,4.7,"city-break,art,museums,architecture,gastronomy,romantic,shopping,nightlife,temperate,year-round,luxury,culture"
98,Nice,Franța,Vest,43.7102,7.262,130,4.5,"beach,mediterranean,gastronomy,romantic,nightlife,summer,warm,mid-range,architecture,local-culture,luxury,city-break"
99,Lyon,Franța,Vest,45.764,4.8357,120,4.5,"city-break,unesco,gastronomy,history,architecture,museums,temperate,year-round,mid-range,culture,wine-tasting,family-friendly"
100,Bordeaux,Franța,Vest,44.8378,-0.5792,125,4.6,"wine-tasting,gastronomy,architecture,unesco,city-break,temperate,year-round,mid-range,culture,romantic,family-friendly,museums"
101,Marseille,Franța,Vest,43.2965,5.3698,110,4.2,"beach,mediterranean,multicultural,street-food,history,nightlife,summer,warm,mid-range,local-culture,architecture,museums"
102,Strasbourg,Franța,Vest,48.5734,7.7521,110,4.6,"city-break,unesco,architecture,history,religious,gastronomy,christmas-markets,temperate,year-round,mid-range,romantic,culture"
103,Annecy,Franța,Vest,45.8992,6.1294,120,4.7,"lake,mountain,romantic,cycling,hiking,photography,alpine,summer,mid-range,family-friendly,gastronomy,offbeat"
104,Mont Saint-Michel,Franța,Vest,48.6361,-1.5115,115,4.8,"unesco,medieval,religious,architecture,romantic,offbeat,temperate,year-round,mid-range,photography,family-friendly,history"
105,Biarritz,Franța,Vest,43.4832,-1.5586,135,4.4,"beach,surfing,luxury,gastronomy,romantic,summer,warm,mid-range,nightlife,wellness/spa,local-culture,architecture"
106,Colmar,Franța,Vest,48.0794,7.3585,110,4.7,"medieval,romantic,architecture,wine-tasting,gastronomy,christmas-markets,temperate,year-round,mid-range,offbeat,family-friendly,photography"
107,Carcassonne,Franța,Vest,43.2128,2.3539,105,4.6,"medieval,castles,unesco,history,architecture,romantic,temperate,summer,mid-range,family-friendly,photography,wine-tasting"
108,Saint-Malo,Franța,Vest,48.6493,-2.0257,115,4.5,"beach,medieval,history,architecture,gastronomy,romantic,temperate,summer,mid-range,family-friendly,photography,city-break"
109,Chamonix,Franța,Vest,45.9237,6.8694,140,4.7,"skiing,mountain,alpine,adventure,hiking,luxury,winter,year-round,photography,wellness/spa,family-friendly,romantic"
110,Bruxelles,Belgia,Vest,50.8503,4.3517,115,4.3,"city-break,gastronomy,architecture,museums,shopping,multicultural,temperate,year-round,mid-range,culture,nightlife,beer"
111,Bruges,Belgia,Vest,51.2093,3.2247,120,4.8,"medieval,unesco,romantic,architecture,gastronomy,canals,temperate,year-round,mid-range,photography,family-friendly,history"
112,Ghent,Belgia,Vest,51.05,3.7303,105,4.6,"city-break,medieval,history,architecture,canals,cycling,temperate,year-round,mid-range,culture,gastronomy,university-town"
113,Antwerp,Belgia,Vest,51.2194,4.4025,115,4.4,"city-break,architecture,fashion,art,diamonds,gastronomy,temperate,year-round,mid-range,culture,nightlife,shopping"
114,Leuven,Belgia,Vest,50.8798,4.7005,100,4.3,"city-break,university-town,history,architecture,beer,temperate,year-round,budget,local-culture,gastronomy,culture,cycling"
115,Dinant,Belgia,Vest,50.2604,4.9115,95,4.5,"offbeat,nature,history,cycling,architecture,temperate,summer,mid-range,local-culture,photography,gastronomy,family-friendly"
116,Mechelen,Belgia,Vest,51.0259,4.4777,95,4.3,"city-break,history,architecture,religious,offbeat,cycling,temperate,year-round,mid-range,local-culture,gastronomy,family-friendly"
117,Liege,Belgia,Vest,50.6326,5.5797,95,4.1,"city-break,architecture,history,street-food,offbeat,multicultural,temperate,year-round,budget,local-culture,museums,nightlife"
118,Tournai,Belgia,Vest,50.6053,3.3896,90,4.2,"unesco,religious,history,offbeat,architecture,temperate,year-round,budget,local-culture,museums,photography,family-friendly"
119,Namur,Belgia,Vest,50.4674,4.872,95,4.3,"castles,history,nature,offbeat,cycling,temperate,summer,mid-range,local-culture,architecture,family-friendly,gastronomy"
120,Durbuy,Belgia,Vest,50.353,5.4584,95,4.4,"medieval,offbeat,romantic,nature,adventure,temperate,year-round,mid-range,local-culture,family-friendly,photography,countryside"
121,Ostend,Belgia,Vest,51.2247,2.9081,105,4.2,"beach,city-break,art,cycling,summer,temperate,mid-range,local-culture,gastronomy,family-friendly,architecture,nightlife"
122,Amsterdam,Olanda,Vest,52.3676,4.9041,140,4.6,"city-break,canals,museums,art,architecture,cycling,nightlife,multicultural,temperate,year-round,luxury,culture"
123,Rotterdam,Olanda,Vest,51.9225,4.4792,115,4.4,"city-break,architecture,modern,museums,street-food,multicultural,temperate,year-round,mid-range,culture,nightlife,shopping"
124,Utrecht,Olanda,Vest,52.0907,5.1214,110,4.5,"city-break,canals,history,university-town,cycling,architecture,temperate,year-round,mid-range,local-culture,gastronomy,museums"
125,The Hague,Olanda,Vest,52.0705,4.3007,120,4.3,"city-break,beach,museums,art,architecture,government,temperate,year-round,mid-range,culture,family-friendly,gastronomy"
126,Delft,Olanda,Vest,52.0116,4.3571,105,4.5,"city-break,canals,history,architecture,offbeat,cycling,temperate,year-round,mid-range,local-culture,romantic,photography"
127,Maastricht,Olanda,Vest,50.8514,5.691,110,4.5,"city-break,history,architecture,gastronomy,multicultural,cycling,temperate,year-round,mid-range,local-culture,romantic,culture"
128,Haarlem,Olanda,Vest,52.3874,4.6462,105,4.4,"city-break,history,art,architecture,beach,cycling,temperate,year-round,mid-range,local-culture,offbeat,gastronomy"
129,Leiden,Olanda,Vest,52.1601,4.497,100,4.4,"city-break,university-town,history,canals,architecture,museums,temperate,year-round,mid-range,local-culture,cycling,offbeat"
130,Giethoorn,Olanda,Vest,52.7407,6.0783,105,4.6,"offbeat,canals,nature,photography,romantic,cycling,temperate,summer,mid-range,local-culture,family-friendly,unique-stays"
131,Eindhoven,Olanda,Vest,51.4416,5.4697,105,4.2,"city-break,design,modern,museums,festivals,temperate,year-round,mid-range,local-culture,nightlife,gastronomy,shopping"
132,Keukenhof Area,Olanda,Vest,52.2698,4.546,115,4.7,"nature,flowers,spring,photography,offbeat,family-friendly,temperate,mid-range,local-culture,romantic,cycling,countryside"
133,Groningen,Olanda,Vest,53.2194,6.5665,100,4.3,"city-break,university-town,cycling,nightlife,architecture,offbeat,temperate,year-round,budget,local-culture,gastronomy,museums"
134,Londra,UK,Vest,51.5074,-0.1278,165,4.7,"city-break,museums,history,architecture,shopping,nightlife,theatre,multicultural,temperate,year-round,luxury,culture"
135,Edinburgh,UK,Vest,55.9533,-3.1883,130,4.8,"city-break,unesco,history,castles,architecture,festivals,temperate,year-round,mid-range,culture,romantic,literature"
136,Bath,UK,Vest,51.3751,-2.3617,135,4.7,"unesco,history,wellness/spa,architecture,romantic,museums,temperate,year-round,mid-range,culture,family-friendly,city-break"
137,Oxford,UK,Vest,51.752,-1.2577,135,4.7,"university-town,history,architecture,literature,museums,temperate,year-round,mid-range,culture,romantic,family-friendly,city-break"
138,Cambridge,UK,Vest,52.2053,0.1218,130,4.7,"university-town,history,architecture,literature,cycling,temperate,year-round,mid-range,culture,romantic,family-friendly,city-break"
139,Manchester,UK,Vest,53.4808,-2.2426,120,4.3,"city-break,nightlife,sports,music,museums,multicultural,temperate,year-round,mid-range,culture,shopping,gastronomy"
140,Liverpool,UK,Vest,53.4084,-2.9916,115,4.4,"city-break,music,beatles,unesco,nightlife,museums,temperate,year-round,mid-range,culture,architecture,sports"
141,York,UK,Vest,53.96,-1.0873,125,4.7,"medieval,history,architecture,religious,romantic,offbeat,temperate,year-round,mid-range,culture,family-friendly,city-break"
142,Lake District,UK,Vest,54.4609,-3.0886,125,4.8,"national-park,nature,hiking,lake,romantic,photography,temperate,summer,mid-range,family-friendly,offbeat,literature"
143,Isle of Skye,UK,Vest,57.273,-6.2154,130,4.8,"island,nature,hiking,photography,offbeat,adventure,temperate,summer,mid-range,romantic,unique-stays,local-culture"
144,Cornwall,UK,Vest,50.266,-5.0527,125,4.6,"beach,surfing,nature,hiking,offbeat,romantic,temperate,summer,mid-range,local-culture,family-friendly,gastronomy"
145,Cotswolds,UK,Vest,51.833,-1.8433,130,4.7,"countryside,villages,romantic,offbeat,hiking,photography,temperate,summer,mid-range,local-culture,family-friendly,gastronomy"
146,Dublin,Irlanda,Vest,53.3498,-6.2603,125,4.5,"city-break,history,literature,nightlife,pubs,museums,temperate,year-round,mid-range,culture,gastronomy,multicultural"
147,Galway,Irlanda,Vest,53.2707,-9.0568,110,4.6,"city-break,music,pubs,offbeat,festivals,temperate,year-round,mid-range,local-culture,gastronomy,architecture,university-town"
148,Cork,Irlanda,Vest,51.8979,-8.4706,105,4.4,"city-break,gastronomy,street-food,history,pubs,temperate,year-round,mid-range,local-culture,architecture,museums,nightlife"
149,Cliffs of Moher,Irlanda,Vest,52.9715,-9.4309,115,4.8,"nature,photography,hiking,offbeat,adventure,temperate,summer,mid-range,family-friendly,romantic,local-culture,landmark"
150,Killarney,Irlanda,Vest,52.0599,-9.5044,110,4.6,"national-park,nature,hiking,lake,romantic,offbeat,temperate,summer,mid-range,family-friendly,local-culture,photography"
151,Dingle,Irlanda,Vest,52.1409,-10.2672,110,4.7,"offbeat,nature,beach,music,gastronomy,romantic,temperate,summer,mid-range,local-culture,photography,family-friendly"
152,Kilkenny,Irlanda,Vest,52.6541,-7.2448,105,4.5,"medieval,castles,history,architecture,pubs,offbeat,temperate,year-round,mid-range,local-culture,family-friendly,gastronomy"
153,Aran Islands,Irlanda,Vest,53.1,-9.6833,110,4.7,"island,offbeat,nature,cycling,local-culture,photography,temperate,summer,mid-range,hiking,family-friendly,history"
154,Belfast,Irlanda,Vest,54.5973,-5.9301,110,4.3,"city-break,history,museums,architecture,street-food,temperate,year-round,mid-range,culture,gastronomy,nightlife,pubs"
155,Giant's Causeway,Irlanda,Vest,55.2408,-6.5115,110,4.7,"unesco,nature,photography,hiking,offbeat,volcanic,temperate,summer,mid-range,family-friendly,adventure,landmark"
156,Ring of Kerry,Irlanda,Vest,51.9333,-9.85,110,4.7,"countryside,nature,hiking,photography,cycling,romantic,temperate,summer,mid-range,family-friendly,local-culture,offbeat"
157,Connemara,Irlanda,Vest,53.5333,-9.85,105,4.6,"countryside,nature,hiking,offbeat,photography,national-park,temperate,summer,mid-range,local-culture,family-friendly,romantic"
158,Luxemburg City,Luxemburg,Vest,49.6116,6.1319,130,4.4,"city-break,unesco,history,architecture,museums,offbeat,temperate,year-round,mid-range,culture,gastronomy,family-friendly"
159,Vianden,Luxemburg,Vest,49.935,6.2056,105,4.6,"castles,medieval,offbeat,nature,hiking,romantic,temperate,summer,mid-range,local-culture,photography,family-friendly"
160,Echternach,Luxemburg,Vest,49.8122,6.4244,100,4.4,"offbeat,nature,hiking,religious,history,cycling,temperate,summer,mid-range,local-culture,family-friendly,festivals"
161,Mullerthal,Luxemburg,Vest,49.8,6.35,100,4.6,"nature,hiking,offbeat,forests,photography,adventure,temperate,summer,mid-range,family-friendly,local-culture,countryside"
162,Esch-sur-Alzette,Luxemburg,Vest,49.5011,5.9806,100,4.1,"city-break,offbeat,industrial-heritage,museums,temperate,year-round,mid-range,local-culture,multicultural,architecture,gastronomy,art"
163,Clervaux,Luxemburg,Vest,50.0564,6.0303,95,4.3,"castles,offbeat,religious,nature,photography,hiking,temperate,summer,mid-range,local-culture,family-friendly,countryside"
164,Bourscheid,Luxemburg,Vest,49.9036,6.0608,95,4.2,"castles,offbeat,nature,hiking,countryside,temperate,summer,mid-range,local-culture,photography,family-friendly,romantic"
165,Wiltz,Luxemburg,Vest,49.9658,5.9308,95,4.1,"offbeat,castles,history,nature,festivals,temperate,summer,mid-range,local-culture,family-friendly,countryside,hiking"
166,Diekirch,Luxemburg,Vest,49.8683,6.1547,95,4.0,"offbeat,museums,history,nature,cycling,temperate,year-round,mid-range,local-culture,family-friendly,architecture,gastronomy"
167,Beaufort,Luxemburg,Vest,49.8361,6.2911,95,4.2,"castles,offbeat,nature,hiking,countryside,temperate,summer,mid-range,local-culture,photography,family-friendly,romantic"
168,Remich,Luxemburg,Vest,49.5456,6.3683,100,4.2,"wine-tasting,offbeat,gastronomy,romantic,cycling,temperate,summer,mid-range,local-culture,countryside,family-friendly,river"
169,Schengen,Luxemburg,Vest,49.4667,6.3667,95,4.0,"offbeat,wine-tasting,history,museums,cycling,temperate,summer,mid-range,local-culture,architecture,landmark,gastronomy"
170,Berlin,Germania,Central,52.52,13.405,110,4.6,"city-break,history,museums,nightlife,art,architecture,multicultural,street-food,temperate,year-round,mid-range,culture"
171,Munich,Germania,Central,48.1351,11.582,130,4.6,"city-break,beer,history,museums,architecture,gastronomy,festivals,temperate,year-round,mid-range,culture,family-friendly"
172,Hamburg,Germania,Central,53.5511,9.9937,120,4.4,"city-break,architecture,nightlife,museums,street-food,multicultural,temperate,year-round,mid-range,culture,shopping,offbeat"
173,Cologne,Germania,Central,50.9375,6.9603,110,4.4,"city-break,unesco,religious,architecture,history,nightlife,temperate,year-round,mid-range,culture,museums,beer"
174,Dresden,Germania,Central,51.0504,13.7373,95,4.6,"city-break,architecture,history,art,museums,romantic,temperate,year-round,budget,culture,family-friendly,photography"
175,Heidelberg,Germania,Central,49.3988,8.6724,110,4.7,"university-town,castles,romantic,history,architecture,offbeat,temperate,year-round,mid-range,culture,family-friendly,photography"
176,Nuremberg,Germania,Central,49.4521,11.0767,105,4.5,"medieval,history,architecture,museums,christmas-markets,temperate,year-round,mid-range,culture,family-friendly,gastronomy,offbeat"
177,Neuschwanstein,Germania,Central,47.5576,10.7498,125,4.8,"castles,mountain,romantic,photography,offbeat,alpine,temperate,summer,mid-range,family-friendly,nature,landmark"
178,Rothenburg ob der Tauber,Germania,Central,49.3781,10.1789,115,4.7,"medieval,romantic,architecture,offbeat,christmas-markets,photography,temperate,year-round,mid-range,family-friendly,history,village"
179,Berchtesgaden,Germania,Central,47.6314,13.0022,115,4.7,"mountain,alpine,nature,hiking,skiing,lake,photography,year-round,mid-range,family-friendly,offbeat,wellness/spa"
180,Black Forest,Germania,Central,48.0,8.2,110,4.6,"forests,nature,hiking,villages,offbeat,romantic,temperate,year-round,mid-range,family-friendly,wellness/spa,gastronomy"
181,Leipzig,Germania,Central,51.3397,12.3731,90,4.3,"city-break,music,art,history,nightlife,offbeat,temperate,year-round,budget,culture,museums,architecture"
182,Vienna,Austria,Central,48.2082,16.3738,130,4.7,"city-break,music,architecture,museums,history,gastronomy,coffeehouse,temperate,year-round,mid-range,culture,art"
183,Salzburg,Austria,Central,47.8095,13.055,130,4.7,"unesco,music,history,architecture,romantic,alpine,temperate,year-round,mid-range,culture,family-friendly,photography"
184,Hallstatt,Austria,Central,47.5622,13.6494,125,4.8,"unesco,lake,mountain,alpine,romantic,photography,offbeat,temperate,summer,mid-range,family-friendly,village"
185,Innsbruck,Austria,Central,47.2692,11.4041,120,4.6,"mountain,skiing,alpine,adventure,city-break,hiking,year-round,mid-range,family-friendly,architecture,offbeat,history"
186,Graz,Austria,Central,47.0707,15.4395,100,4.4,"city-break,unesco,architecture,gastronomy,university-town,temperate,year-round,mid-range,culture,family-friendly,history,offbeat"
187,Zell am See,Austria,Central,47.3253,12.7944,125,4.7,"lake,mountain,alpine,skiing,adventure,summer,year-round,mid-range,family-friendly,wellness/spa,hiking,romantic"
188,Wachau Valley,Austria,Central,48.3667,15.5,110,4.6,"wine-tasting,unesco,countryside,cycling,river,romantic,temperate,summer,mid-range,local-culture,gastronomy,family-friendly"
189,Bad Ischl,Austria,Central,47.7108,13.6286,110,4.4,"wellness/spa,history,lake,alpine,offbeat,romantic,temperate,year-round,mid-range,local-culture,family-friendly,architecture"
190,Sölden,Austria,Central,46.9667,11.0097,135,4.6,"skiing,mountain,alpine,winter,adventure,year-round,wellness/spa,luxury,family-friendly,hiking,offbeat,nature"
191,Melk,Austria,Central,48.2267,15.3331,105,4.5,"unesco,religious,architecture,history,romantic,offbeat,temperate,year-round,mid-range,family-friendly,photography,river"
192,Klagenfurt,Austria,Central,46.6247,14.305,100,4.3,"lake,city-break,alpine,family-friendly,summer,temperate,mid-range,local-culture,architecture,offbeat,cycling,museums"
193,St. Anton,Austria,Central,47.1281,10.2644,135,4.7,"skiing,mountain,alpine,winter,adventure,nightlife,year-round,luxury,family-friendly,hiking,wellness/spa,offbeat"
194,Zurich,Elveția,Central,47.3769,8.5417,170,4.5,"city-break,lake,architecture,luxury,shopping,gastronomy,temperate,year-round,luxury,culture,museums,alpine"
195,Lucerne,Elveția,Central,47.0502,8.3093,160,4.7,"lake,mountain,alpine,romantic,architecture,photography,temperate,year-round,luxury,family-friendly,offbeat,history"
196,Interlaken,Elveția,Central,46.6863,7.8632,170,4.7,"mountain,alpine,adventure,skiing,hiking,lake,year-round,luxury,family-friendly,offbeat,wellness/spa,photography"
197,Zermatt,Elveția,Central,46.0207,7.7491,200,4.8,"skiing,mountain,alpine,luxury,romantic,hiking,year-round,photography,family-friendly,offbeat,wellness/spa,unique-stays"
198,Geneva,Elveția,Central,46.2044,6.1432,170,4.3,"city-break,lake,luxury,multicultural,museums,temperate,year-round,luxury,culture,architecture,gastronomy,shopping"
199,Bern,Elveția,Central,46.948,7.4474,160,4.5,"unesco,architecture,history,city-break,romantic,temperate,year-round,luxury,culture,family-friendly,offbeat,museums"
200,Montreux,Elveția,Central,46.4312,6.9107,165,4.6,"lake,music,festivals,romantic,alpine,luxury,temperate,summer,family-friendly,wellness/spa,offbeat,architecture"
201,St. Moritz,Elveția,Central,46.4983,9.8356,220,4.7,"skiing,luxury,alpine,winter,wellness/spa,romantic,year-round,unique-stays,shopping,family-friendly,photography,nature"
202,Grindelwald,Elveția,Central,46.6242,8.0414,180,4.8,"mountain,alpine,skiing,hiking,adventure,photography,year-round,luxury,family-friendly,romantic,offbeat,wellness/spa"
203,Lausanne,Elveția,Central,46.5197,6.6323,155,4.4,"lake,city-break,university-town,museums,cycling,temperate,year-round,luxury,culture,gastronomy,architecture,family-friendly"
204,Lugano,Elveția,Central,46.0037,8.9511,160,4.5,"lake,mediterranean,italian-culture,alpine,offbeat,romantic,warm,summer,luxury,family-friendly,gastronomy,architecture"
205,Jungfrau,Elveția,Central,46.5372,7.9625,190,4.8,"mountain,alpine,skiing,photography,adventure,unique-stays,year-round,luxury,family-friendly,offbeat,hiking,nature"
206,Praga,Cehia,Central,50.0755,14.4378,80,4.7,"city-break,unesco,architecture,history,beer,nightlife,gastronomy,romantic,temperate,year-round,budget,culture"
207,Cesky Krumlov,Cehia,Central,48.8127,14.3175,75,4.8,"unesco,medieval,romantic,architecture,castles,offbeat,temperate,year-round,budget,family-friendly,photography,history"
208,Brno,Cehia,Central,49.1951,16.6068,65,4.3,"city-break,university-town,architecture,modernist,offbeat,nightlife,temperate,year-round,budget,local-culture,gastronomy,museums"
209,Karlovy Vary,Cehia,Central,50.2329,12.8719,85,4.5,"wellness/spa,architecture,romantic,history,offbeat,forests,temperate,year-round,mid-range,family-friendly,culture,film-festivals"
210,Kutna Hora,Cehia,Central,49.9489,15.2694,65,4.6,"unesco,medieval,religious,offbeat,history,architecture,temperate,year-round,budget,local-culture,family-friendly,photography"
211,Olomouc,Cehia,Central,49.5938,17.2509,60,4.4,"city-break,unesco,architecture,university-town,offbeat,gastronomy,temperate,year-round,budget,local-culture,history,religious"
212,Telc,Cehia,Central,49.1842,15.453,60,4.6,"unesco,medieval,architecture,offbeat,romantic,village,temperate,summer,budget,local-culture,photography,family-friendly"
213,Pilsen,Cehia,Central,49.7384,13.3736,65,4.3,"beer,city-break,history,offbeat,industrial-heritage,temperate,year-round,budget,local-culture,museums,architecture,gastronomy"
214,Bohemian Switzerland,Cehia,Central,50.85,14.35,65,4.6,"national-park,nature,hiking,photography,offbeat,adventure,temperate,summer,budget,family-friendly,countryside,landmark"
215,Mikulov,Cehia,Central,48.805,16.6378,60,4.5,"wine-tasting,offbeat,architecture,castles,cycling,romantic,temperate,summer,budget,local-culture,gastronomy,countryside"
216,Marianske Lazne,Cehia,Central,49.965,12.7014,85,4.4,"wellness/spa,architecture,history,romantic,forests,offbeat,temperate,year-round,mid-range,family-friendly,culture,nature"
217,Liberec,Cehia,Central,50.7663,15.0543,65,4.1,"mountain,skiing,offbeat,family-friendly,nature,temperate,year-round,budget,local-culture,architecture,hiking,adventure"
218,Bratislava,Slovacia,Central,48.1486,17.1077,70,4.3,"city-break,history,castles,architecture,gastronomy,offbeat,temperate,year-round,budget,culture,nightlife,multicultural"
219,High Tatras,Slovacia,Central,49.1778,20.088,65,4.7,"mountain,national-park,hiking,skiing,adventure,nature,alpine,year-round,budget,family-friendly,offbeat,photography"
220,Kosice,Slovacia,Central,48.7164,21.2611,55,4.3,"city-break,history,architecture,religious,offbeat,temperate,year-round,budget,local-culture,gastronomy,museums,culture"
221,Banska Stiavnica,Slovacia,Central,48.4592,18.8928,55,4.5,"unesco,medieval,history,mining,offbeat,architecture,temperate,year-round,budget,local-culture,photography,family-friendly"
222,Spis Castle,Slovacia,Central,48.9994,20.7667,50,4.6,"castles,unesco,history,offbeat,photography,romantic,temperate,summer,budget,local-culture,family-friendly,architecture"
223,Bojnice,Slovacia,Central,48.7808,18.5811,55,4.5,"castles,romantic,offbeat,family-friendly,temperate,year-round,budget,local-culture,photography,architecture,history,nature"
224,Slovak Paradise,Slovacia,Central,48.9167,20.3667,50,4.6,"national-park,nature,hiking,adventure,offbeat,forests,temperate,summer,budget,family-friendly,photography,countryside"
225,Poprad,Slovacia,Central,49.0619,20.2973,55,4.2,"mountain,city-break,offbeat,alpine,family-friendly,temperate,year-round,budget,local-culture,adventure,skiing,hiking"
226,Nitra,Slovacia,Central,48.3069,18.0853,50,4.2,"city-break,history,religious,offbeat,architecture,temperate,year-round,budget,local-culture,museums,family-friendly,gastronomy"
227,Trencin,Slovacia,Central,48.8938,18.0406,50,4.4,"castles,offbeat,history,architecture,romantic,temperate,year-round,budget,local-culture,photography,family-friendly,nature"
228,Piestany,Slovacia,Central,48.6028,17.8275,60,4.3,"wellness/spa,offbeat,architecture,romantic,family-friendly,temperate,year-round,budget,local-culture,culture,nature,history"
229,Orava Castle,Slovacia,Central,49.2586,19.3594,50,4.6,"castles,offbeat,history,photography,romantic,temperate,summer,budget,local-culture,family-friendly,architecture,nature"
230,Cracovia,Polonia,Central,50.0647,19.945,65,4.7,"city-break,unesco,history,architecture,nightlife,gastronomy,offbeat,temperate,year-round,budget,culture,museums"
231,Varsovia,Polonia,Central,52.2297,21.0122,70,4.3,"city-break,history,museums,architecture,multicultural,temperate,year-round,budget,culture,gastronomy,nightlife,family-friendly"
232,Gdansk,Polonia,Central,54.352,18.6466,65,4.6,"city-break,history,architecture,beach,amber,offbeat,temperate,summer,budget,local-culture,family-friendly,museums"
233,Wroclaw,Polonia,Central,51.1079,17.0385,60,4.6,"city-break,architecture,history,offbeat,gastronomy,university-town,temperate,year-round,budget,culture,museums,family-friendly"
234,Zakopane,Polonia,Central,49.2992,19.9496,65,4.5,"mountain,skiing,alpine,hiking,adventure,offbeat,year-round,budget,family-friendly,local-culture,wellness/spa,nature"
235,Poznan,Polonia,Central,52.4064,16.9252,55,4.4,"city-break,history,architecture,offbeat,gastronomy,temperate,year-round,budget,local-culture,culture,nightlife,museums"
236,Lublin,Polonia,Central,51.2465,22.5684,50,4.3,"city-break,medieval,history,offbeat,architecture,temperate,year-round,budget,local-culture,family-friendly,culture,gastronomy"
237,Torun,Polonia,Central,53.0138,18.5984,55,4.5,"unesco,medieval,architecture,offbeat,history,gastronomy,temperate,year-round,budget,local-culture,family-friendly,photography"
238,Masurian Lakes,Polonia,Central,53.85,21.7,55,4.6,"lake,nature,sailing,offbeat,countryside,summer,temperate,budget,family-friendly,local-culture,adventure,wellness/spa"
239,Wieliczka,Polonia,Central,49.9877,20.0565,55,4.7,"unesco,offbeat,history,mining,family-friendly,temperate,year-round,budget,local-culture,photography,architecture,landmark"
240,Malbork,Polonia,Central,54.0401,19.0276,55,4.6,"castles,medieval,unesco,history,offbeat,architecture,temperate,year-round,budget,local-culture,family-friendly,photography"
241,Bialowieza Forest,Polonia,Central,52.7,23.8667,55,4.5,"national-park,unesco,nature,forests,hiking,offbeat,temperate,summer,budget,family-friendly,wildlife,photography"
242,Budapesta,Ungaria,Central,47.4979,19.0402,65,4.7,"city-break,wellness/spa,architecture,history,nightlife,gastronomy,river,temperate,year-round,budget,culture,thermal-springs"
243,Eger,Ungaria,Central,47.9025,20.3772,55,4.5,"wine-tasting,thermal-springs,history,offbeat,architecture,romantic,temperate,year-round,budget,local-culture,family-friendly,gastronomy"
244,Szentendre,Ungaria,Central,47.6667,19.0833,55,4.4,"offbeat,art,architecture,romantic,village,gastronomy,temperate,year-round,budget,local-culture,photography,family-friendly"
245,Lake Balaton,Ungaria,Central,46.8333,17.7333,55,4.5,"lake,beach,wine-tasting,family-friendly,summer,temperate,budget,local-culture,cycling,offbeat,gastronomy,wellness/spa"
246,Debrecen,Ungaria,Central,47.5316,21.6273,50,4.2,"city-break,religious,offbeat,university-town,thermal-springs,temperate,year-round,budget,local-culture,gastronomy,museums,family-friendly"
247,Pecs,Ungaria,Central,46.0727,18.2323,55,4.4,"city-break,unesco,history,architecture,offbeat,gastronomy,temperate,year-round,budget,local-culture,culture,museums"
248,Hortobagy,Ungaria,Central,47.5833,21.15,45,4.4,"national-park,unesco,nature,offbeat,countryside,cycling,temperate,summer,budget,local-culture,wildlife,photography"
249,Hollókő,Ungaria,Central,47.9978,19.5881,50,4.5,"unesco,village,offbeat,history,architecture,romantic,temperate,year-round,budget,local-culture,photography,family-friendly"
250,Sopron,Ungaria,Central,47.6833,16.5833,55,4.3,"medieval,architecture,wine-tasting,offbeat,history,romantic,temperate,year-round,budget,local-culture,gastronomy,family-friendly"
251,Gyor,Ungaria,Central,47.6875,17.6504,50,4.3,"city-break,thermal-springs,architecture,offbeat,history,temperate,year-round,budget,local-culture,wellness/spa,family-friendly,gastronomy"
252,Heviz,Ungaria,Central,46.7961,17.189,65,4.5,"wellness/spa,thermal-springs,lake,wellness-tourism,romantic,offbeat,temperate,year-round,mid-range,family-friendly,nature,local-culture"
253,Aggtelek,Ungaria,Central,48.4667,20.5333,45,4.4,"unesco,nature,caves,offbeat,hiking,national-park,temperate,year-round,budget,family-friendly,photography,countryside"
254,Barcelona,Spania,Sud,41.3851,2.1734,115,4.7,"city-break,beach,architecture,art,gaudi,gastronomy,nightlife,mediterranean,warm,year-round,mid-range,culture"
255,Madrid,Spania,Sud,40.4168,-3.7038,110,4.5,"city-break,museums,art,nightlife,gastronomy,architecture,warm,year-round,mid-range,culture,shopping,flamenco"
256,Sevilia,Spania,Sud,37.3891,-5.9845,95,4.7,"city-break,flamenco,architecture,history,unesco,gastronomy,warm,year-round,mid-range,culture,romantic,religious"
257,Granada,Spania,Sud,37.1773,-3.5986,90,4.7,"unesco,alhambra,history,architecture,flamenco,offbeat,warm,year-round,mid-range,culture,romantic,gastronomy"
258,Valencia,Spania,Sud,39.4699,-0.3763,100,4.6,"city-break,beach,mediterranean,gastronomy,architecture,festivals,warm,year-round,mid-range,culture,family-friendly,nightlife"
259,Bilbao,Spania,Sud,43.263,-2.935,105,4.4,"city-break,art,architecture,gastronomy,basque-culture,museums,temperate,year-round,mid-range,culture,offbeat,wine-tasting"
260,Mallorca,Spania,Sud,39.6953,3.0176,110,4.6,"island,beach,mediterranean,luxury,nightlife,nature,warm,summer,mid-range,family-friendly,hiking,romantic"
261,Ibiza,Spania,Sud,38.9067,1.4206,140,4.5,"island,beach,nightlife,mediterranean,luxury,summer,warm,mid-range,unique-stays,romantic,wellness/spa,gastronomy"
262,San Sebastian,Spania,Sud,43.3183,-1.9812,120,4.7,"beach,gastronomy,basque-culture,surfing,romantic,temperate,summer,mid-range,local-culture,architecture,nightlife,city-break"
263,Cordoba,Spania,Sud,37.8882,-4.7794,85,4.6,"unesco,history,architecture,religious,offbeat,romantic,warm,year-round,budget,culture,flamenco,gastronomy"
264,Toledo,Spania,Sud,39.8628,-4.0273,90,4.7,"unesco,medieval,history,architecture,religious,offbeat,warm,year-round,mid-range,culture,family-friendly,photography"
265,Tenerife,Spania,Sud,28.2916,-16.6291,100,4.5,"island,beach,volcanic,hiking,family-friendly,year-round,warm,mid-range,adventure,nature,national-park,wellness/spa"
266,Lisabona,Portugalia,Sud,38.7223,-9.1393,95,4.7,"city-break,architecture,history,gastronomy,nightlife,fado,beach,warm,year-round,mid-range,culture,photography"
267,Porto,Portugalia,Sud,41.1579,-8.6291,90,4.7,"city-break,unesco,wine-tasting,gastronomy,architecture,river,warm,year-round,mid-range,culture,romantic,offbeat"
268,Sintra,Portugalia,Sud,38.8029,-9.3817,100,4.7,"castles,unesco,romantic,architecture,forests,offbeat,warm,year-round,mid-range,photography,family-friendly,history"
269,Faro,Portugalia,Sud,37.0194,-7.9322,90,4.3,"beach,algarve,mediterranean,summer,family-friendly,warm,mid-range,local-culture,gastronomy,architecture,offbeat,city-break"
270,Lagos,Portugalia,Sud,37.1029,-8.6711,95,4.6,"beach,algarve,nightlife,summer,surfing,family-friendly,warm,mid-range,local-culture,gastronomy,offbeat,nature"
271,Madeira,Portugalia,Sud,32.7607,-16.9595,105,4.7,"island,nature,hiking,mountain,offbeat,wine-tasting,warm,year-round,mid-range,family-friendly,gastronomy,adventure"
272,Azores,Portugalia,Sud,37.7412,-25.6756,115,4.7,"island,volcanic,nature,hiking,offbeat,adventure,warm,year-round,mid-range,family-friendly,whale-watching,wellness/spa"
273,Coimbra,Portugalia,Sud,40.2033,-8.4103,80,4.4,"university-town,unesco,history,architecture,fado,offbeat,warm,year-round,budget,local-culture,culture,museums"
274,Evora,Portugalia,Sud,38.5711,-7.9135,75,4.5,"unesco,history,architecture,wine-tasting,offbeat,romantic,warm,year-round,budget,local-culture,gastronomy,family-friendly"
275,Nazare,Portugalia,Sud,39.6014,-9.0703,85,4.5,"beach,surfing,offbeat,fishing-villages,family-friendly,warm,year-round,mid-range,local-culture,gastronomy,adventure,photography"
276,Obidos,Portugalia,Sud,39.361,-9.1572,85,4.6,"medieval,castles,romantic,offbeat,architecture,festivals,warm,year-round,mid-range,local-culture,family-friendly,photography"
277,Aveiro,Portugalia,Sud,40.6405,-8.6538,80,4.4,"offbeat,canals,architecture,gastronomy,beach,cycling,warm,summer,budget,local-culture,family-friendly,art-nouveau"
278,Roma,Italia,Sud,41.9028,12.4964,120,4.7,"city-break,ancient-ruins,history,architecture,art,gastronomy,religious,warm,year-round,mid-range,culture,unesco"
279,Venetia,Italia,Sud,45.4408,12.3155,135,4.7,"unesco,canals,romantic,architecture,history,art,warm,year-round,mid-range,culture,gastronomy,offbeat"
280,Florenta,Italia,Sud,43.7696,11.2558,115,4.8,"unesco,art,architecture,history,gastronomy,romantic,warm,year-round,mid-range,culture,museums,renaissance"
281,Milano,Italia,Sud,45.4642,9.19,130,4.4,"city-break,fashion,shopping,architecture,gastronomy,nightlife,temperate,year-round,luxury,culture,art,museums"
282,Napoli,Italia,Sud,40.8518,14.2681,95,4.3,"city-break,ancient-ruins,gastronomy,street-food,history,multicultural,warm,year-round,mid-range,culture,offbeat,architecture"
283,Cinque Terre,Italia,Sud,44.1461,9.6439,115,4.8,"unesco,beach,mediterranean,hiking,romantic,offbeat,warm,summer,mid-range,photography,gastronomy,villages"
284,Amalfi Coast,Italia,Sud,40.6333,14.6029,140,4.8,"beach,mediterranean,romantic,luxury,gastronomy,cliffs,warm,summer,luxury,photography,unesco,family-friendly"
285,Sicilia,Italia,Sud,37.5999,14.0153,100,4.6,"island,beach,ancient-ruins,gastronomy,volcanic,history,warm,year-round,mid-range,culture,offbeat,adventure"
286,Verona,Italia,Sud,45.4384,10.9916,105,4.6,"unesco,romantic,history,architecture,opera,offbeat,warm,year-round,mid-range,culture,family-friendly,gastronomy"
287,Lake Como,Italia,Sud,45.9858,9.2572,130,4.7,"lake,mountain,romantic,luxury,nature,offbeat,alpine,summer,luxury,family-friendly,photography,wellness/spa"
288,Pompeii,Italia,Sud,40.7493,14.4861,100,4.7,"ancient-ruins,unesco,history,archaeology,offbeat,landmark,warm,year-round,mid-range,family-friendly,photography,museums"
289,Matera,Italia,Sud,40.6663,16.6043,95,4.7,"unesco,offbeat,architecture,history,unique-stays,photography,warm,year-round,mid-range,local-culture,romantic,gastronomy"
290,Atena,Grecia,Sud,37.9838,23.7275,90,4.5,"city-break,ancient-ruins,unesco,history,architecture,gastronomy,warm,year-round,mid-range,culture,museums,religious"
291,Santorini,Grecia,Sud,36.3932,25.4615,135,4.7,"island,beach,romantic,luxury,mediterranean,volcanic,warm,summer,luxury,photography,wellness/spa,wine-tasting"
292,Mykonos,Grecia,Sud,37.4467,25.3289,135,4.5,"island,beach,nightlife,luxury,mediterranean,summer,warm,luxury,gastronomy,romantic,shopping,photography"
293,Creta,Grecia,Sud,35.2401,24.8093,85,4.6,"island,beach,mediterranean,ancient-ruins,gastronomy,nature,warm,year-round,mid-range,family-friendly,culture,adventure"
294,Salonic,Grecia,Sud,40.6401,22.9444,75,4.4,"city-break,history,byzantine,gastronomy,nightlife,offbeat,warm,year-round,budget,culture,architecture,museums"
295,Rhodes,Grecia,Sud,36.4341,28.2176,85,4.6,"island,beach,medieval,unesco,history,mediterranean,warm,summer,mid-range,culture,family-friendly,architecture"
296,Delphi,Grecia,Sud,38.4824,22.501,80,4.6,"ancient-ruins,unesco,history,offbeat,mountain,religious,warm,year-round,mid-range,family-friendly,archaeology,photography"
297,Meteora,Grecia,Sud,39.7214,21.6303,80,4.8,"unesco,religious,mountain,hiking,offbeat,photography,temperate,year-round,mid-range,family-friendly,romantic,nature"
298,Corfu,Grecia,Sud,39.6243,19.9217,90,4.5,"island,beach,mediterranean,history,architecture,gastronomy,warm,summer,mid-range,family-friendly,nature,romantic"
299,Nafplio,Grecia,Sud,37.5678,22.8075,85,4.7,"offbeat,history,architecture,romantic,beach,castles,warm,year-round,mid-range,local-culture,gastronomy,family-friendly"
300,Naxos,Grecia,Sud,37.1036,25.3783,85,4.6,"island,beach,offbeat,gastronomy,family-friendly,mediterranean,warm,summer,mid-range,local-culture,ancient-ruins,hiking"
301,Milos,Grecia,Sud,36.7474,24.4284,100,4.7,"island,beach,volcanic,offbeat,romantic,photography,warm,summer,mid-range,gastronomy,unique-stays,nature"
302,Valletta,Malta,Sud,35.8989,14.5146,100,4.6,"city-break,unesco,history,architecture,mediterranean,religious,warm,year-round,mid-range,culture,museums,gastronomy"
303,Mdina,Malta,Sud,35.8863,14.4031,90,4.6,"medieval,offbeat,architecture,history,romantic,photography,warm,year-round,mid-range,local-culture,family-friendly,culture"
304,Gozo,Malta,Sud,36.0443,14.2511,95,4.6,"island,offbeat,beach,diving,hiking,nature,warm,summer,mid-range,local-culture,family-friendly,photography"
305,Sliema,Malta,Sud,35.9125,14.502,105,4.3,"city-break,beach,mediterranean,shopping,nightlife,warm,year-round,mid-range,gastronomy,family-friendly,architecture,offbeat"
306,St. Julian's,Malta,Sud,35.9189,14.4889,110,4.3,"nightlife,beach,mediterranean,summer,gastronomy,family-friendly,warm,mid-range,shopping,architecture,romantic,offbeat"
307,Marsaxlokk,Malta,Sud,35.8411,14.5431,90,4.5,"fishing-villages,offbeat,gastronomy,beach,photography,mediterranean,warm,year-round,mid-range,local-culture,family-friendly,culture"
308,Comino,Malta,Sud,36.0133,14.3342,85,4.7,"island,beach,diving,nature,offbeat,mediterranean,warm,summer,mid-range,photography,adventure,unique-stays"
309,Birgu,Malta,Sud,35.8878,14.5228,85,4.5,"medieval,history,offbeat,architecture,romantic,harbor,warm,year-round,mid-range,local-culture,photography,family-friendly"
310,Rabat Malta,Malta,Sud,35.8811,14.4011,80,4.3,"offbeat,history,religious,catacombs,architecture,temperate,year-round,budget,local-culture,family-friendly,photography,ancient-ruins"
311,Mellieha,Malta,Sud,35.96,14.3625,90,4.4,"beach,family-friendly,offbeat,mediterranean,summer,nature,warm,mid-range,local-culture,gastronomy,adventure,religious"
312,Qawra,Malta,Sud,35.9581,14.4233,90,4.2,"beach,family-friendly,mediterranean,summer,gastronomy,warm,mid-range,local-culture,diving,offbeat,nightlife,city-break"
313,Hagar Qim,Malta,Sud,35.8275,14.4422,85,4.5,"ancient-ruins,unesco,archaeology,offbeat,photography,history,warm,year-round,mid-range,family-friendly,landmark,culture"
314,Nicosia,Cipru,Sud,35.1856,33.3823,85,4.2,"city-break,history,architecture,offbeat,multicultural,religious,warm,year-round,mid-range,culture,museums,gastronomy"
315,Paphos,Cipru,Sud,34.7768,32.4245,85,4.5,"unesco,ancient-ruins,beach,mediterranean,history,family-friendly,warm,year-round,mid-range,culture,archaeology,photography"
316,Limassol,Cipru,Sud,34.6851,33.0339,95,4.4,"beach,city-break,nightlife,mediterranean,wine-tasting,summer,warm,year-round,mid-range,gastronomy,family-friendly,shopping"
317,Larnaca,Cipru,Sud,34.9167,33.6333,85,4.3,"beach,city-break,mediterranean,history,family-friendly,summer,warm,year-round,mid-range,gastronomy,local-culture,architecture"
318,Ayia Napa,Cipru,Sud,34.9882,34.0,100,4.4,"beach,nightlife,summer,mediterranean,family-friendly,warm,mid-range,gastronomy,adventure,offbeat,romantic,shopping"
319,Kyrenia,Cipru,Sud,35.34,33.3225,80,4.5,"beach,castles,history,offbeat,mediterranean,romantic,warm,year-round,mid-range,local-culture,architecture,gastronomy"
320,Troodos Mountains,Cipru,Sud,34.9333,32.8833,75,4.4,"mountain,nature,hiking,offbeat,religious,unesco,temperate,summer,budget,family-friendly,local-culture,photography"
321,Famagusta,Cipru,Sud,35.1167,33.9333,80,4.3,"history,medieval,beach,offbeat,architecture,ancient-ruins,warm,year-round,mid-range,culture,photography,local-culture"
322,Protaras,Cipru,Sud,35.0117,34.0581,95,4.4,"beach,family-friendly,summer,mediterranean,diving,warm,mid-range,gastronomy,offbeat,nature,adventure,romantic"
323,Akamas Peninsula,Cipru,Sud,34.9833,32.35,80,4.6,"national-park,nature,hiking,offbeat,beach,adventure,warm,summer,budget,family-friendly,photography,diving"
324,Kourion,Cipru,Sud,34.665,32.8897,80,4.5,"ancient-ruins,archaeology,history,offbeat,beach,photography,warm,year-round,mid-range,family-friendly,culture,landmark"
325,Choirokoitia,Cipru,Sud,34.8017,33.3442,75,4.4,"unesco,archaeology,ancient-ruins,offbeat,history,warm,year-round,budget,family-friendly,culture,landmark,photography"
326,Bucuresti,Romania,Balcani,44.4268,26.1025,55,4.3,"city-break,architecture,history,nightlife,gastronomy,museums,temperate,year-round,budget,culture,multicultural,family-friendly"
327,Brasov,Romania,Balcani,45.6579,25.6012,50,4.6,"mountain,medieval,architecture,history,castles,skiing,temperate,year-round,budget,family-friendly,romantic,hiking"
328,Sibiu,Romania,Balcani,45.7983,24.1256,45,4.7,"city-break,medieval,architecture,offbeat,unesco,gastronomy,temperate,year-round,budget,culture,festivals,family-friendly"
329,Cluj-Napoca,Romania,Balcani,46.7712,23.6236,45,4.4,"city-break,university-town,nightlife,architecture,gastronomy,festivals,temperate,year-round,budget,culture,museums,multicultural"
330,Sighisoara,Romania,Balcani,46.2197,24.7925,40,4.6,"medieval,unesco,architecture,history,offbeat,romantic,temperate,year-round,budget,local-culture,photography,family-friendly"
331,Bran Castle Area,Romania,Balcani,45.5147,25.3669,45,4.5,"castles,mountain,medieval,offbeat,photography,family-friendly,temperate,year-round,budget,local-culture,nature,hiking"
332,Bucovina,Romania,Balcani,47.75,25.95,40,4.7,"unesco,religious,offbeat,countryside,nature,photography,temperate,year-round,budget,local-culture,family-friendly,hiking"
333,Maramures,Romania,Balcani,47.6667,23.7667,40,4.7,"unesco,offbeat,countryside,villages,religious,traditional,temperate,summer,budget,local-culture,photography,family-friendly"
334,Constanta,Romania,Balcani,44.1598,28.6348,50,4.2,"beach,city-break,history,ancient-ruins,nightlife,summer,warm,mid-range,gastronomy,family-friendly,local-culture,museums"
335,Timisoara,Romania,Balcani,45.7489,21.2087,45,4.3,"city-break,architecture,unesco,history,multicultural,offbeat,temperate,year-round,budget,culture,gastronomy,museums"
336,Danube Delta,Romania,Balcani,45.0333,29.1667,55,4.6,"unesco,nature,offbeat,national-park,wildlife,photography,warm,summer,mid-range,local-culture,adventure,family-friendly"
337,Sinaia,Romania,Balcani,45.35,25.55,55,4.5,"mountain,castles,skiing,hiking,royal,alpine,year-round,mid-range,family-friendly,wellness/spa,romantic,nature"
338,Sofia,Bulgaria,Balcani,42.6977,23.3219,45,4.3,"city-break,history,religious,museums,gastronomy,architecture,temperate,year-round,budget,culture,multicultural,family-friendly"
339,Plovdiv,Bulgaria,Balcani,42.1354,24.7453,40,4.6,"unesco,ancient-ruins,history,architecture,offbeat,gastronomy,warm,year-round,budget,culture,family-friendly,art"
340,Varna,Bulgaria,Balcani,43.2141,27.9147,45,4.3,"beach,city-break,nightlife,history,summer,family-friendly,warm,mid-range,local-culture,gastronomy,archaeology,architecture"
341,Veliko Tarnovo,Bulgaria,Balcani,43.0757,25.6172,35,4.6,"medieval,history,offbeat,architecture,photography,romantic,temperate,year-round,budget,local-culture,family-friendly,castles"
342,Bansko,Bulgaria,Balcani,41.8392,23.4889,45,4.5,"skiing,mountain,alpine,winter,adventure,hiking,year-round,budget,family-friendly,wellness/spa,offbeat,local-culture"
343,Rila Monastery,Bulgaria,Balcani,42.1333,23.34,40,4.8,"unesco,religious,mountain,offbeat,history,architecture,temperate,year-round,budget,family-friendly,photography,nature"
344,Nessebar,Bulgaria,Balcani,42.6588,27.7308,50,4.5,"unesco,beach,medieval,architecture,history,summer,warm,mid-range,family-friendly,local-culture,photography,gastronomy"
345,Sunny Beach,Bulgaria,Balcani,42.6937,27.7126,55,4.0,"beach,nightlife,summer,family-friendly,budget,warm,mid-range,gastronomy,offbeat,adventure,romantic,mediterranean"
346,Sozopol,Bulgaria,Balcani,42.4167,27.6967,45,4.4,"beach,offbeat,history,architecture,summer,romantic,warm,mid-range,local-culture,gastronomy,family-friendly,photography"
347,Koprivshtitsa,Bulgaria,Balcani,42.6361,24.3533,35,4.5,"offbeat,history,architecture,village,traditional,romantic,temperate,year-round,budget,local-culture,photography,family-friendly"
348,Melnik,Bulgaria,Balcani,41.5219,23.3992,35,4.4,"wine-tasting,offbeat,village,architecture,nature,romantic,temperate,year-round,budget,local-culture,photography,family-friendly"
349,Burgas,Bulgaria,Balcani,42.5048,27.4626,45,4.2,"beach,city-break,summer,family-friendly,nature,temperate,warm,mid-range,local-culture,gastronomy,architecture,offbeat"
350,Belgrad,Serbia,Balcani,44.7866,20.4489,55,4.3,"city-break,nightlife,history,river,architecture,gastronomy,temperate,year-round,budget,culture,multicultural,offbeat"
351,Novi Sad,Serbia,Balcani,45.2671,19.8335,50,4.5,"city-break,festivals,architecture,offbeat,gastronomy,history,temperate,year-round,budget,local-culture,culture,family-friendly"
352,Nis,Serbia,Balcani,43.3209,21.8958,45,4.2,"city-break,history,offbeat,architecture,gastronomy,temperate,year-round,budget,local-culture,museums,family-friendly,ancient-ruins"
353,Kopaonik,Serbia,Balcani,43.2803,20.8128,55,4.4,"skiing,mountain,winter,adventure,nature,national-park,year-round,budget,family-friendly,hiking,offbeat,wellness/spa"
354,Subotica,Serbia,Balcani,46.1,19.6667,45,4.4,"architecture,art-nouveau,offbeat,multicultural,gastronomy,temperate,year-round,budget,local-culture,city-break,museums,family-friendly"
355,Zlatibor,Serbia,Balcani,43.7272,19.6981,55,4.5,"mountain,nature,wellness/spa,offbeat,hiking,family-friendly,temperate,year-round,budget,local-culture,adventure,romantic"
356,Studenica Monastery,Serbia,Balcani,43.4825,20.5317,40,4.7,"unesco,religious,history,architecture,offbeat,nature,temperate,year-round,budget,family-friendly,photography,culture"
357,Tara National Park,Serbia,Balcani,43.9,19.4,45,4.6,"national-park,nature,hiking,offbeat,forests,wildlife,temperate,summer,budget,family-friendly,adventure,photography"
358,Sremski Karlovci,Serbia,Balcani,45.2023,19.929,40,4.5,"wine-tasting,offbeat,architecture,history,religious,romantic,temperate,year-round,budget,local-culture,gastronomy,family-friendly"
359,Djerdap Gorge,Serbia,Balcani,44.5333,22.15,40,4.5,"national-park,nature,river,offbeat,archaeology,photography,temperate,summer,budget,family-friendly,hiking,adventure"
360,Guca,Serbia,Balcani,43.7733,20.2289,40,4.4,"festivals,music,offbeat,village,traditional,temperate,summer,budget,local-culture,gastronomy,family-friendly,culture"
361,Uvac,Serbia,Balcani,43.35,19.9833,40,4.7,"nature,offbeat,photography,wildlife,canyons,hiking,temperate,summer,budget,family-friendly,adventure,unique-stays"
362,Dubrovnik,Croatia,Balcani,42.6507,18.0944,105,4.7,"unesco,medieval,mediterranean,beach,architecture,history,warm,summer,mid-range,culture,romantic,photography"
363,Split,Croatia,Balcani,43.5081,16.4402,85,4.6,"unesco,beach,history,ancient-ruins,mediterranean,nightlife,warm,summer,mid-range,culture,architecture,gastronomy"
364,Zagreb,Croatia,Balcani,45.815,15.9819,70,4.3,"city-break,architecture,history,museums,gastronomy,offbeat,temperate,year-round,mid-range,culture,family-friendly,christmas-markets"
365,Plitvice Lakes,Croatia,Balcani,44.8654,15.582,75,4.8,"unesco,national-park,waterfalls,nature,hiking,photography,temperate,summer,mid-range,family-friendly,offbeat,landmark"
366,Hvar,Croatia,Balcani,43.1729,16.4411,105,4.6,"island,beach,nightlife,mediterranean,luxury,summer,warm,mid-range,gastronomy,romantic,offbeat,photography"
367,Rovinj,Croatia,Balcani,45.082,13.6385,90,4.7,"offbeat,mediterranean,beach,architecture,romantic,gastronomy,warm,summer,mid-range,photography,local-culture,family-friendly"
368,Zadar,Croatia,Balcani,44.1194,15.2314,80,4.5,"city-break,history,beach,mediterranean,ancient-ruins,offbeat,warm,summer,mid-range,culture,architecture,gastronomy"
369,Korcula,Croatia,Balcani,42.9614,17.135,90,4.6,"island,medieval,beach,mediterranean,offbeat,romantic,warm,summer,mid-range,local-culture,gastronomy,photography"
370,Pula,Croatia,Balcani,44.8666,13.8496,80,4.5,"ancient-ruins,beach,history,city-break,mediterranean,family-friendly,warm,summer,mid-range,culture,architecture,offbeat"
371,Krka National Park,Croatia,Balcani,43.8833,16.0333,75,4.7,"national-park,waterfalls,nature,hiking,photography,offbeat,temperate,summer,mid-range,family-friendly,swimming,landmark"
372,Sibenik,Croatia,Balcani,43.735,15.8952,75,4.4,"unesco,medieval,offbeat,architecture,mediterranean,history,warm,summer,mid-range,local-culture,gastronomy,family-friendly"
373,Motovun,Croatia,Balcani,45.3364,13.8281,75,4.6,"offbeat,medieval,wine-tasting,architecture,romantic,village,temperate,summer,mid-range,local-culture,gastronomy,photography"
374,Ljubljana,Slovenia,Balcani,46.0569,14.5058,80,4.6,"city-break,architecture,offbeat,cycling,gastronomy,nightlife,temperate,year-round,mid-range,culture,family-friendly,castles"
375,Lake Bled,Slovenia,Balcani,46.3683,14.1147,95,4.8,"lake,alpine,romantic,offbeat,hiking,photography,temperate,year-round,mid-range,family-friendly,wellness/spa,unique-stays"
376,Piran,Slovenia,Balcani,45.5289,13.5683,90,4.7,"mediterranean,beach,medieval,offbeat,romantic,architecture,warm,summer,mid-range,gastronomy,local-culture,photography"
377,Bohinj,Slovenia,Balcani,46.2833,13.8833,85,4.7,"lake,mountain,alpine,hiking,offbeat,national-park,temperate,summer,mid-range,family-friendly,nature,adventure"
378,Postojna Cave,Slovenia,Balcani,45.7833,14.2,80,4.6,"offbeat,nature,caves,family-friendly,landmark,temperate,year-round,mid-range,culture,photography,adventure,unique-stays"
379,Maribor,Slovenia,Balcani,46.5547,15.6459,70,4.3,"city-break,wine-tasting,offbeat,river,architecture,temperate,year-round,mid-range,local-culture,gastronomy,family-friendly,skiing"
380,Triglav National Park,Slovenia,Balcani,46.3833,13.8333,80,4.8,"national-park,alpine,mountain,hiking,nature,offbeat,temperate,summer,mid-range,family-friendly,adventure,photography"
381,Skocjan Caves,Slovenia,Balcani,45.6667,13.9833,75,4.7,"unesco,offbeat,nature,caves,landmark,family-friendly,temperate,year-round,mid-range,adventure,photography,culture"
382,Ptuj,Slovenia,Balcani,46.4199,15.87,65,4.4,"medieval,offbeat,wine-tasting,architecture,castles,romantic,temperate,year-round,budget,local-culture,history,family-friendly"
383,Vipava Valley,Slovenia,Balcani,45.8667,13.95,70,4.5,"wine-tasting,countryside,offbeat,cycling,gastronomy,nature,temperate,summer,mid-range,local-culture,romantic,family-friendly"
384,Soca Valley,Slovenia,Balcani,46.25,13.5833,80,4.7,"nature,adventure,hiking,offbeat,alpine,photography,temperate,summer,mid-range,family-friendly,unique-stays,countryside"
385,Predjama Castle,Slovenia,Balcani,45.8158,14.1275,70,4.6,"castles,offbeat,medieval,history,unique-stays,photography,temperate,year-round,mid-range,family-friendly,architecture,romantic"
386,Sarajevo,Bosnia,Balcani,43.8563,18.4131,50,4.5,"city-break,multicultural,history,architecture,gastronomy,offbeat,temperate,year-round,budget,culture,religious,street-food"
387,Mostar,Bosnia,Balcani,43.3438,17.8078,45,4.7,"unesco,history,architecture,offbeat,photography,romantic,warm,summer,budget,culture,local-culture,family-friendly"
388,Jajce,Bosnia,Balcani,44.3422,17.2694,40,4.5,"offbeat,waterfalls,medieval,history,nature,castles,temperate,summer,budget,local-culture,photography,family-friendly"
389,Blagaj,Bosnia,Balcani,43.2575,17.8931,40,4.6,"offbeat,religious,nature,architecture,photography,romantic,warm,summer,budget,local-culture,family-friendly,unique-stays"
390,Banja Luka,Bosnia,Balcani,44.7722,17.1911,45,4.2,"city-break,offbeat,nature,nightlife,river,temperate,year-round,budget,local-culture,gastronomy,architecture,adventure"
391,Pocitelj,Bosnia,Balcani,43.1317,17.7294,40,4.5,"offbeat,medieval,architecture,village,history,photography,warm,summer,budget,local-culture,family-friendly,romantic"
392,Kravice Waterfalls,Bosnia,Balcani,43.165,17.6167,40,4.7,"waterfalls,nature,offbeat,swimming,photography,summer,warm,budget,family-friendly,adventure,landmark,unique-stays"
393,Sutjeska National Park,Bosnia,Balcani,43.3167,18.6833,40,4.6,"national-park,nature,hiking,offbeat,forests,wildlife,temperate,summer,budget,family-friendly,adventure,photography"
394,Travnik,Bosnia,Balcani,44.2269,17.6706,40,4.3,"offbeat,history,architecture,castles,religious,multicultural,temperate,year-round,budget,local-culture,gastronomy,family-friendly"
395,Visegrad,Bosnia,Balcani,43.7833,19.2833,40,4.5,"unesco,offbeat,history,architecture,river,literature,temperate,summer,budget,local-culture,family-friendly,photography"
396,Neum,Bosnia,Balcani,42.9244,17.6153,50,4.2,"beach,mediterranean,offbeat,summer,family-friendly,warm,budget,local-culture,gastronomy,romantic,nature,city-break"
397,Tuzla,Bosnia,Balcani,44.5381,18.6739,40,4.2,"city-break,offbeat,lake,history,salt-lakes,multicultural,temperate,year-round,budget,local-culture,gastronomy,wellness/spa"
398,Kotor,Muntenegru,Balcani,42.4247,18.7712,70,4.8,"unesco,medieval,mediterranean,fjord-like,architecture,hiking,warm,summer,mid-range,culture,romantic,photography"
399,Budva,Muntenegru,Balcani,42.2864,18.84,65,4.4,"beach,nightlife,mediterranean,medieval,summer,family-friendly,warm,mid-range,gastronomy,architecture,offbeat,romantic"
400,Podgorica,Muntenegru,Balcani,42.4304,19.2594,50,4.0,"city-break,offbeat,architecture,gastronomy,river,temperate,year-round,budget,local-culture,nightlife,museums,multicultural"
401,Durmitor National Park,Muntenegru,Balcani,43.15,19.0333,55,4.7,"national-park,unesco,mountain,hiking,adventure,nature,temperate,summer,mid-range,family-friendly,offbeat,photography"
402,Sveti Stefan,Muntenegru,Balcani,42.2573,18.8917,90,4.7,"luxury,island,beach,mediterranean,romantic,photography,warm,summer,luxury,unique-stays,offbeat,gastronomy"
403,Perast,Muntenegru,Balcani,42.4867,18.6992,65,4.7,"offbeat,medieval,mediterranean,romantic,architecture,photography,warm,summer,mid-range,local-culture,gastronomy,family-friendly"
404,Ostrog Monastery,Muntenegru,Balcani,42.6772,19.0256,50,4.8,"religious,offbeat,mountain,architecture,unique-stays,photography,temperate,year-round,budget,culture,family-friendly,nature"
405,Tara Canyon,Muntenegru,Balcani,43.1833,19.2833,55,4.7,"canyons,nature,adventure,rafting,offbeat,photography,temperate,summer,mid-range,family-friendly,hiking,landmark"
406,Lovcen National Park,Muntenegru,Balcani,42.4,18.8333,55,4.5,"national-park,mountain,hiking,offbeat,nature,photography,temperate,summer,mid-range,family-friendly,adventure,religious"
407,Ulcinj,Muntenegru,Balcani,41.9297,19.2247,55,4.3,"beach,mediterranean,multicultural,offbeat,summer,history,warm,mid-range,local-culture,family-friendly,gastronomy,nightlife"
408,Herceg Novi,Muntenegru,Balcani,42.4531,18.5375,60,4.4,"beach,mediterranean,medieval,offbeat,gastronomy,romantic,warm,summer,mid-range,local-culture,family-friendly,architecture"
409,Skadar Lake,Muntenegru,Balcani,42.2333,19.2167,55,4.6,"lake,nature,national-park,offbeat,wildlife,photography,temperate,summer,mid-range,family-friendly,adventure,wine-tasting"
410,Tirana,Albania,Balcani,41.3275,19.8189,45,4.3,"city-break,offbeat,nightlife,architecture,multicultural,gastronomy,warm,year-round,budget,culture,street-food,family-friendly"
411,Berat,Albania,Balcani,40.7058,19.9522,40,4.6,"unesco,offbeat,architecture,history,medieval,photography,warm,year-round,budget,local-culture,family-friendly,romantic"
412,Gjirokaster,Albania,Balcani,40.0758,20.1389,40,4.6,"unesco,medieval,architecture,offbeat,history,castles,warm,year-round,budget,local-culture,photography,family-friendly"
413,Saranda,Albania,Balcani,39.8739,20.0053,45,4.3,"beach,mediterranean,offbeat,summer,family-friendly,ancient-ruins,warm,mid-range,gastronomy,local-culture,nightlife,architecture"
414,Ksamil,Albania,Balcani,39.7667,20.0,50,4.5,"beach,mediterranean,summer,family-friendly,offbeat,warm,mid-range,gastronomy,local-culture,adventure,romantic,island"
415,Shkoder,Albania,Balcani,42.0683,19.5125,40,4.2,"city-break,offbeat,history,lake,religious,multicultural,temperate,year-round,budget,local-culture,architecture,museums"
416,Theth,Albania,Balcani,42.4,19.7667,45,4.7,"mountain,nature,hiking,offbeat,village,adventure,alpine,summer,budget,local-culture,photography,unique-stays"
417,Valbona Valley,Albania,Balcani,42.45,19.8833,45,4.7,"mountain,national-park,hiking,offbeat,nature,alpine,summer,budget,family-friendly,adventure,photography,unique-stays"
418,Himara,Albania,Balcani,40.1017,19.7436,45,4.4,"beach,mediterranean,offbeat,summer,family-friendly,warm,mid-range,gastronomy,local-culture,nature,romantic,fishing-villages"
419,Durres,Albania,Balcani,41.3231,19.4547,45,4.1,"beach,ancient-ruins,history,city-break,summer,family-friendly,warm,mid-range,gastronomy,offbeat,local-culture,museums"
420,Butrint,Albania,Balcani,39.7464,20.0208,40,4.6,"unesco,ancient-ruins,archaeology,offbeat,nature,history,warm,year-round,budget,family-friendly,photography,landmark"
421,Kruja,Albania,Balcani,41.5089,19.7928,40,4.4,"castles,medieval,offbeat,history,architecture,photography,warm,year-round,budget,local-culture,family-friendly,culture"
422,Skopje,Macedonia,Balcani,41.9981,21.4254,45,4.2,"city-break,offbeat,multicultural,architecture,nightlife,street-food,temperate,year-round,budget,culture,gastronomy,museums"
423,Ohrid,Macedonia,Balcani,41.1172,20.8017,45,4.7,"unesco,lake,offbeat,religious,architecture,beach,warm,summer,budget,culture,family-friendly,photography"
424,Bitola,Macedonia,Balcani,41.0297,21.3347,40,4.3,"offbeat,architecture,history,ancient-ruins,city-break,gastronomy,temperate,year-round,budget,local-culture,museums,culture"
425,Mavrovo National Park,Macedonia,Balcani,41.6833,20.75,40,4.5,"national-park,mountain,skiing,hiking,nature,offbeat,year-round,budget,family-friendly,adventure,photography,religious"
426,Kratovo,Macedonia,Balcani,42.0808,22.1783,35,4.4,"offbeat,medieval,architecture,village,history,photography,temperate,year-round,budget,local-culture,family-friendly,romantic"
427,Matka Canyon,Macedonia,Balcani,41.95,21.3167,35,4.6,"canyons,nature,offbeat,hiking,kayaking,photography,temperate,summer,budget,family-friendly,adventure,religious"
428,Krusevo,Macedonia,Balcani,41.3689,21.2489,40,4.4,"mountain,offbeat,history,architecture,village,skiing,temperate,year-round,budget,local-culture,family-friendly,photography"
429,Strumica,Macedonia,Balcani,41.4389,22.6422,35,4.1,"offbeat,city-break,festivals,gastronomy,thermal-springs,multicultural,warm,year-round,budget,local-culture,wellness/spa,museums"
430,Stobi,Macedonia,Balcani,41.5514,21.9794,35,4.4,"ancient-ruins,archaeology,offbeat,history,landmark,photography,warm,year-round,budget,family-friendly,culture,museums"
431,Galicnik,Macedonia,Balcani,41.625,20.6472,35,4.5,"offbeat,village,traditional,mountain,festivals,nature,temperate,summer,budget,local-culture,photography,family-friendly"
432,Prespa Lake,Macedonia,Balcani,40.9833,21.05,35,4.4,"lake,offbeat,nature,photography,wildlife,national-park,temperate,summer,budget,local-culture,family-friendly,hiking"
433,Pelister National Park,Macedonia,Balcani,41.0,21.2,35,4.5,"national-park,mountain,nature,hiking,offbeat,forests,temperate,summer,budget,family-friendly,adventure,photography"
434,Pristina,Kosovo,Balcani,42.6629,21.1655,40,4.1,"city-break,offbeat,multicultural,street-food,nightlife,architecture,temperate,year-round,budget,local-culture,gastronomy,museums"
435,Prizren,Kosovo,Balcani,42.2139,20.7397,40,4.5,"offbeat,medieval,architecture,religious,multicultural,history,warm,year-round,budget,local-culture,gastronomy,photography"
436,Peja,Kosovo,Balcani,42.6591,20.2883,35,4.3,"offbeat,nature,mountain,adventure,religious,hiking,temperate,summer,budget,local-culture,family-friendly,gastronomy"
437,Gjakova,Kosovo,Balcani,42.3803,20.4306,35,4.2,"offbeat,history,architecture,religious,multicultural,bazaar,temperate,year-round,budget,local-culture,gastronomy,family-friendly"
438,Rugova Canyon,Kosovo,Balcani,42.6831,20.1617,40,4.5,"canyons,nature,adventure,offbeat,hiking,climbing,temperate,summer,budget,family-friendly,photography,unique-stays"
439,Brezovica,Kosovo,Balcani,42.2,21.0667,45,4.3,"skiing,mountain,winter,adventure,offbeat,alpine,year-round,budget,family-friendly,hiking,nature,photography"
440,Decani Monastery,Kosovo,Balcani,42.5469,20.2711,35,4.7,"unesco,religious,offbeat,architecture,history,nature,temperate,year-round,budget,culture,family-friendly,photography"
441,Gracanica Monastery,Kosovo,Balcani,42.5989,21.1928,35,4.6,"unesco,religious,offbeat,architecture,history,photography,temperate,year-round,budget,culture,family-friendly,art"
442,Mirusha Waterfalls,Kosovo,Balcani,42.55,20.6333,30,4.4,"waterfalls,nature,offbeat,hiking,swimming,photography,temperate,summer,budget,family-friendly,adventure,landmark"
443,Shar Mountains,Kosovo,Balcani,42.15,20.85,35,4.5,"mountain,national-park,hiking,offbeat,nature,skiing,temperate,year-round,budget,family-friendly,adventure,photography"
444,Mitrovica,Kosovo,Balcani,42.8914,20.866,35,4.0,"offbeat,multicultural,history,city-break,architecture,temperate,year-round,budget,local-culture,museums,gastronomy,culture"
445,Bear Sanctuary,Kosovo,Balcani,42.5333,21.0333,35,4.6,"nature,wildlife,offbeat,family-friendly,photography,ethical-tourism,temperate,year-round,budget,local-culture,educational,landmark"
446,Lviv,Ucraina,Est,49.8397,24.0297,35,4.6,"unesco,city-break,architecture,history,gastronomy,offbeat,coffeehouse,temperate,year-round,budget,culture,multicultural"
447,Kyiv,Ucraina,Est,50.4501,30.5234,40,4.4,"city-break,unesco,religious,architecture,history,museums,temperate,year-round,budget,culture,nightlife,multicultural"
448,Odessa,Ucraina,Est,46.4825,30.7233,40,4.3,"beach,city-break,architecture,multicultural,summer,nightlife,warm,year-round,budget,local-culture,gastronomy,culture"
449,Chernivtsi,Ucraina,Est,48.2921,25.9358,35,4.5,"unesco,architecture,university-town,offbeat,multicultural,history,temperate,year-round,budget,local-culture,photography,culture"
450,Kamianets-Podilskyi,Ucraina,Est,48.6797,26.5853,30,4.6,"castles,medieval,offbeat,history,architecture,photography,temperate,year-round,budget,local-culture,family-friendly,nature"
451,Uzhhorod,Ucraina,Est,48.6208,22.2879,35,4.2,"offbeat,city-break,multicultural,architecture,history,castles,temperate,year-round,budget,local-culture,gastronomy,family-friendly"
452,Carpathian Mountains,Ucraina,Est,48.5,24.5,35,4.5,"mountain,national-park,hiking,skiing,offbeat,nature,alpine,year-round,budget,family-friendly,adventure,local-culture"
453,Ivano-Frankivsk,Ucraina,Est,48.9226,24.7111,35,4.3,"offbeat,city-break,mountain,architecture,history,multicultural,temperate,year-round,budget,local-culture,gastronomy,culture"
454,Bukovel,Ucraina,Est,48.3525,24.4011,40,4.4,"skiing,mountain,winter,alpine,adventure,wellness/spa,year-round,budget,family-friendly,hiking,offbeat,luxury"
455,Kharkiv,Ucraina,Est,49.9935,36.2304,35,4.1,"city-break,offbeat,university-town,architecture,nightlife,museums,temperate,year-round,budget,local-culture,culture,multicultural"
456,Poltava,Ucraina,Est,49.5883,34.5514,30,4.1,"offbeat,history,architecture,religious,city-break,museums,temperate,year-round,budget,local-culture,family-friendly,culture"
457,Khortytsia,Ucraina,Est,47.85,35.0833,30,4.3,"offbeat,history,nature,island,cossack-culture,temperate,summer,budget,local-culture,family-friendly,photography,museums"
458,Chisinau,Moldova,Est,47.0105,28.8638,35,4.1,"city-break,offbeat,wine-tasting,architecture,gastronomy,multicultural,temperate,year-round,budget,local-culture,nightlife,museums"
459,Cricova,Moldova,Est,47.0831,28.8492,35,4.6,"wine-tasting,offbeat,unique-stays,gastronomy,landmark,temperate,year-round,budget,local-culture,culture,family-friendly,tours"
460,Milestii Mici,Moldova,Est,46.9,28.7667,35,4.7,"wine-tasting,offbeat,unique-stays,landmark,gastronomy,temperate,year-round,budget,local-culture,culture,family-friendly,tours"
461,Orheiul Vechi,Moldova,Est,47.3036,28.95,30,4.6,"offbeat,archaeology,religious,nature,history,photography,temperate,summer,budget,local-culture,family-friendly,countryside"
462,Tiraspol,Moldova,Est,46.8403,29.6433,30,4.0,"offbeat,soviet-heritage,history,unique-experience,architecture,multicultural,temperate,year-round,budget,local-culture,museums,culture"
463,Soroca,Moldova,Est,48.15,28.2833,30,4.3,"castles,offbeat,history,architecture,river,temperate,summer,budget,local-culture,family-friendly,photography,culture"
464,Saharna Monastery,Moldova,Est,47.7,28.9833,25,4.5,"religious,offbeat,nature,waterfalls,architecture,photography,temperate,summer,budget,local-culture,family-friendly,hiking"
465,Tipova Monastery,Moldova,Est,47.7833,28.9667,25,4.6,"religious,offbeat,nature,caves,history,photography,temperate,summer,budget,local-culture,family-friendly,hiking"
466,Cahul,Moldova,Est,45.9083,28.1942,30,4.1,"offbeat,wellness/spa,wine-tasting,countryside,thermal-springs,temperate,year-round,budget,local-culture,gastronomy,family-friendly,city-break"
467,Purcari Winery,Moldova,Est,46.5667,29.55,40,4.6,"wine-tasting,luxury,offbeat,gastronomy,countryside,romantic,temperate,summer,mid-range,local-culture,unique-stays,family-friendly"
468,Comrat,Moldova,Est,46.3,28.65,25,4.0,"offbeat,multicultural,gagauz-culture,city-break,gastronomy,temperate,year-round,budget,local-culture,museums,culture,family-friendly"
469,Balti,Moldova,Est,47.7633,27.9294,25,4.0,"city-break,offbeat,architecture,multicultural,museums,temperate,year-round,budget,local-culture,gastronomy,family-friendly,history"
